Seconds,Volts
0, -5
3.146264E-08, -4.980704
6.292527E-08, -4.961547
9.438791E-08, -4.942668
1.258505E-07, -4.924201
1.573132E-07, -4.906281
1.887758E-07, -4.889036
2.202385E-07, -4.87259
2.517011E-07, -4.857062
2.831637E-07, -4.842565
3.146264E-07, -4.829201
3.46089E-07, -4.817068
3.775517E-07, -4.806253
4.090143E-07, -4.796834
4.404769E-07, -4.788879
4.719396E-07, -4.782445
5.034022E-07, -4.777579
5.348649E-07, -4.774315
5.663275E-07, -4.772677
5.977901E-07, -4.772677
6.292527E-07, -4.774315
6.607154E-07, -4.777579
6.92178E-07, -4.782445
7.236407E-07, -4.788879
7.551033E-07, -4.796834
7.865659E-07, -4.806253
8.180286E-07, -4.817068
8.494912E-07, -4.829201
8.809538E-07, -4.842565
9.124165E-07, -4.857062
9.438791E-07, -4.87259
9.753418E-07, -4.889036
1.006804E-06, -4.906281
1.038267E-06, -4.924201
1.06973E-06, -4.942668
1.101192E-06, -4.961547
1.132655E-06, -4.980704
1.164118E-06, -5
1.19558E-06, -5.019296
1.227043E-06, -5.038453
1.258505E-06, -5.057332
1.289968E-06, -5.075799
1.321431E-06, -5.093719
1.352893E-06, -5.110964
1.384356E-06, -5.12741
1.415819E-06, -5.142938
1.447281E-06, -5.157435
1.478744E-06, -5.170799
1.510207E-06, -5.182932
1.541669E-06, -5.193747
1.573132E-06, -5.203166
1.604594E-06, -5.211121
1.636057E-06, -5.217555
1.66752E-06, -5.222421
1.698982E-06, -5.225685
1.730445E-06, -5.227323
1.761908E-06, -5.227323
1.79337E-06, -5.225685
1.824833E-06, -5.222421
1.856296E-06, -5.217555
1.887758E-06, -5.211121
1.919221E-06, -5.203166
1.950684E-06, -5.193747
1.982146E-06, -5.182932
2.013609E-06, -5.170799
2.045071E-06, -5.157435
2.076534E-06, -5.142938
2.107997E-06, -5.12741
2.139459E-06, -5.110964
2.170922E-06, -5.093719
2.202385E-06, -5.075799
2.233847E-06, -5.057332
2.26531E-06, -5.038453
2.296772E-06, -5.019296
2.328235E-06, -5
2.359698E-06, -4.980704
2.39116E-06, -4.961547
2.422623E-06, -4.942668
2.454086E-06, -4.924201
2.485548E-06, -4.906281
2.517011E-06, -4.889036
2.548474E-06, -4.87259
2.579936E-06, -4.857062
2.611399E-06, -4.842565
2.642862E-06, -4.829201
2.674324E-06, -4.817068
2.705787E-06, -4.806253
2.737249E-06, -4.796834
2.768712E-06, -4.788879
2.800175E-06, -4.782445
2.831637E-06, -4.777579
2.8631E-06, -4.774315
2.894563E-06, -4.772677
2.926025E-06, -4.772677
2.957488E-06, -4.774315
2.98895E-06, -4.777579
3.020413E-06, -4.782445
3.051876E-06, -4.788879
3.083338E-06, -4.796834
3.114801E-06, -4.806253
3.146264E-06, -4.817068
3.177726E-06, -4.829201
3.209189E-06, -4.842565
3.240651E-06, -4.857062
3.272114E-06, -4.87259
3.303577E-06, -4.889036
3.33504E-06, -4.906281
3.366502E-06, -4.924201
3.397965E-06, -4.942668
3.429427E-06, -4.961547
3.46089E-06, -4.980704
3.492353E-06, -5
3.523815E-06, -5.019296
3.555278E-06, -5.038453
3.586741E-06, -5.057332
3.618203E-06, -5.075799
3.649666E-06, -5.093719
3.681128E-06, -5.110964
3.712591E-06, -5.12741
3.744054E-06, -5.142938
3.775516E-06, -5.157435
3.806979E-06, -5.170799
3.838442E-06, -5.182932
3.869905E-06, -5.193747
3.901367E-06, -5.203166
3.93283E-06, -5.211121
3.964292E-06, -5.217555
3.995755E-06, -5.222421
4.027218E-06, -5.225685
4.05868E-06, -5.227323
4.090143E-06, -5.227323
4.121605E-06, -5.225685
4.153068E-06, -5.222421
4.184531E-06, -5.217555
4.215993E-06, -5.211121
4.247456E-06, -5.203166
4.278919E-06, -5.193747
4.310381E-06, -5.182932
4.341844E-06, -5.170799
4.373307E-06, -5.157435
4.404769E-06, -5.142938
4.436232E-06, -5.12741
4.467694E-06, -5.110964
4.499157E-06, -5.093719
4.53062E-06, -5.075799
4.562082E-06, -5.057332
4.593545E-06, -5.038453
4.625007E-06, -5.019296
4.65647E-06, -5
4.687933E-06, -4.980704
4.719396E-06, -4.961547
4.750858E-06, -4.942668
4.782321E-06, -4.924201
4.813784E-06, -4.906281
4.845246E-06, -4.889036
4.876709E-06, -4.87259
4.908171E-06, -4.857062
4.939634E-06, -4.842565
4.971097E-06, -4.829201
5.002559E-06, -4.817068
5.034022E-06, -4.806253
5.065484E-06, -4.796834
5.096947E-06, -4.788879
5.12841E-06, -4.782445
5.159873E-06, -4.777579
5.191335E-06, -4.774315
5.222798E-06, -4.772677
5.25426E-06, -4.772677
5.285723E-06, -4.774315
5.317186E-06, -4.777579
5.348648E-06, -4.782445
5.380111E-06, -4.788879
5.411574E-06, -4.796834
5.443036E-06, -4.806253
5.474499E-06, -4.817068
5.505961E-06, -4.829201
5.537424E-06, -4.842565
5.568887E-06, -4.857062
5.60035E-06, -4.87259
5.631812E-06, -4.889036
5.663275E-06, -4.906281
5.694737E-06, -4.924201
5.7262E-06, -4.942668
5.757663E-06, -4.961547
5.789125E-06, -4.980704
5.820588E-06, -5
5.85205E-06, -5.019296
5.883513E-06, -5.038452
5.914976E-06, -5.057332
5.946438E-06, -5.075799
5.977901E-06, -5.093719
6.009363E-06, -5.110964
6.040827E-06, -5.12741
6.072289E-06, -5.142938
6.103752E-06, -5.157435
6.135214E-06, -5.170799
6.166677E-06, -5.182932
6.19814E-06, -5.193747
6.229602E-06, -5.203166
6.261065E-06, -5.211121
6.292527E-06, -5.217555
6.32399E-06, -5.222421
6.355453E-06, -5.225685
6.386915E-06, -5.227323
6.418378E-06, -5.227323
6.44984E-06, -5.225685
6.481303E-06, -5.222421
6.512766E-06, -5.217555
6.544229E-06, -5.211121
6.575691E-06, -5.203166
6.607154E-06, -5.193747
6.638616E-06, -5.182932
6.670079E-06, -5.170799
6.701542E-06, -5.157435
6.733004E-06, -5.142938
6.764467E-06, -5.12741
6.795929E-06, -5.110964
6.827392E-06, -5.093719
6.858855E-06, -5.075799
6.890317E-06, -5.057332
6.92178E-06, -5.038453
6.953243E-06, -5.019296
6.984706E-06, -5
7.016168E-06, -4.980704
7.047631E-06, -4.961547
7.079093E-06, -4.942668
7.110556E-06, -4.924201
7.142019E-06, -4.906281
7.173481E-06, -4.889036
7.204944E-06, -4.87259
7.236406E-06, -4.857062
7.267869E-06, -4.842565
7.299332E-06, -4.829201
7.330794E-06, -4.817068
7.362257E-06, -4.806253
7.39372E-06, -4.796834
7.425183E-06, -4.788879
7.456645E-06, -4.782445
7.488108E-06, -4.777579
7.51957E-06, -4.774315
7.551033E-06, -4.772677
7.582496E-06, -4.772677
7.613958E-06, -4.774315
7.645421E-06, -4.777579
7.676884E-06, -4.782445
7.708346E-06, -4.788879
7.739809E-06, -4.796834
7.771271E-06, -4.806253
7.802734E-06, -4.817068
7.834196E-06, -4.829201
7.865659E-06, -4.842565
7.897122E-06, -4.857062
7.928585E-06, -4.87259
7.960047E-06, -4.889036
7.99151E-06, -4.906281
8.022972E-06, -4.924201
8.054435E-06, -4.942668
8.085898E-06, -4.961548
8.11736E-06, -4.980704
8.148823E-06, -5
8.180285E-06, -5.019296
8.211749E-06, -5.038453
8.243211E-06, -5.057332
8.274674E-06, -5.075799
8.306136E-06, -5.093719
8.337599E-06, -5.110964
8.369061E-06, -5.12741
8.400524E-06, -5.142938
8.431986E-06, -5.157435
8.463449E-06, -5.170799
8.494912E-06, -5.182931
8.526375E-06, -5.193747
8.557838E-06, -5.203166
8.5893E-06, -5.211121
8.620763E-06, -5.217555
8.652225E-06, -5.222421
8.683688E-06, -5.225685
8.71515E-06, -5.227323
8.746613E-06, -5.227323
8.778075E-06, -5.225685
8.809538E-06, -5.222421
8.841001E-06, -5.217555
8.872464E-06, -5.211121
8.903926E-06, -5.203166
8.935389E-06, -5.193747
8.966852E-06, -5.182932
8.998314E-06, -5.170799
9.029777E-06, -5.157435
9.061239E-06, -5.142938
9.092702E-06, -5.12741
9.124165E-06, -5.110964
9.155628E-06, -5.093719
9.18709E-06, -5.075799
9.218553E-06, -5.057332
9.250015E-06, -5.038453
9.281478E-06, -5.019296
9.31294E-06, -5
9.344403E-06, -4.980704
9.375865E-06, -4.961548
9.407328E-06, -4.942668
9.438791E-06, -4.924201
9.470254E-06, -4.906281
9.501717E-06, -4.889036
9.533179E-06, -4.87259
9.564642E-06, -4.857062
9.596104E-06, -4.842565
9.627567E-06, -4.829201
9.659029E-06, -4.817068
9.690492E-06, -4.806253
9.721954E-06, -4.796834
9.753418E-06, -4.788879
9.78488E-06, -4.782445
9.816343E-06, -4.777579
9.847806E-06, -4.774315
9.879268E-06, -4.772677
9.910731E-06, -4.772677
9.942193E-06, -4.774315
9.973656E-06, -4.777579
1.000512E-05, -4.782445
1.003658E-05, -4.788879
1.006804E-05, -4.796834
1.009951E-05, -4.806253
1.013097E-05, -4.817068
1.016243E-05, -4.829201
1.019389E-05, -4.842564
1.022536E-05, -4.857062
1.025682E-05, -4.87259
1.028828E-05, -4.889036
1.031975E-05, -4.906281
1.035121E-05, -4.924201
1.038267E-05, -4.942668
1.041413E-05, -4.961547
1.04456E-05, -4.980704
1.047706E-05, -5
1.050852E-05, -5.019296
1.053998E-05, -5.038452
1.057145E-05, -5.057332
1.060291E-05, -5.075799
1.063437E-05, -5.093719
1.066583E-05, -5.110964
1.06973E-05, -5.12741
1.072876E-05, -5.142937
1.076022E-05, -5.157435
1.079168E-05, -5.170799
1.082315E-05, -5.182932
1.085461E-05, -5.193747
1.088607E-05, -5.203166
1.091754E-05, -5.211121
1.0949E-05, -5.217555
1.098046E-05, -5.222421
1.101192E-05, -5.225685
1.104339E-05, -5.227323
1.107485E-05, -5.227323
1.110631E-05, -5.225685
1.113777E-05, -5.222421
1.116924E-05, -5.217555
1.12007E-05, -5.211121
1.123216E-05, -5.203166
1.126362E-05, -5.193747
1.129509E-05, -5.182932
1.132655E-05, -5.170799
1.135801E-05, -5.157435
1.138947E-05, -5.142938
1.142094E-05, -5.12741
1.14524E-05, -5.110964
1.148386E-05, -5.093719
1.151533E-05, -5.075799
1.154679E-05, -5.057333
1.157825E-05, -5.038453
1.160971E-05, -5.019296
1.164118E-05, -5
1.167264E-05, -4.980704
1.17041E-05, -4.961548
1.173556E-05, -4.942668
1.176703E-05, -4.924201
1.179849E-05, -4.906281
1.182995E-05, -4.889036
1.186141E-05, -4.87259
1.189288E-05, -4.857063
1.192434E-05, -4.842565
1.19558E-05, -4.829201
1.198726E-05, -4.817068
1.201873E-05, -4.806253
1.205019E-05, -4.796834
1.208165E-05, -4.788879
1.211312E-05, -4.782445
1.214458E-05, -4.777579
1.217604E-05, -4.774315
1.22075E-05, -4.772677
1.223897E-05, -4.772677
1.227043E-05, -4.774315
1.230189E-05, -4.777579
1.233335E-05, -4.782445
1.236482E-05, -4.788879
1.239628E-05, -4.796834
1.242774E-05, -4.806253
1.24592E-05, -4.817068
1.249067E-05, -4.829201
1.252213E-05, -4.842565
1.255359E-05, -4.857062
1.258505E-05, -4.87259
1.261652E-05, -4.889036
1.264798E-05, -4.906281
1.267944E-05, -4.924201
1.271091E-05, -4.942667
1.274237E-05, -4.961547
1.277383E-05, -4.980704
1.280529E-05, -5
1.283676E-05, -5.019295
1.286822E-05, -5.038452
1.289968E-05, -5.057332
1.293114E-05, -5.075799
1.296261E-05, -5.093719
1.299407E-05, -5.110964
1.302553E-05, -5.12741
1.305699E-05, -5.142938
1.308846E-05, -5.157435
1.311992E-05, -5.170799
1.315138E-05, -5.182932
1.318284E-05, -5.193747
1.321431E-05, -5.203166
1.324577E-05, -5.211121
1.327723E-05, -5.217555
1.33087E-05, -5.222421
1.334016E-05, -5.225685
1.337162E-05, -5.227323
1.340308E-05, -5.227323
1.343455E-05, -5.225685
1.346601E-05, -5.222421
1.349747E-05, -5.217555
1.352893E-05, -5.211121
1.35604E-05, -5.203166
1.359186E-05, -5.193747
1.362332E-05, -5.182932
1.365478E-05, -5.170799
1.368625E-05, -5.157435
1.371771E-05, -5.142938
1.374917E-05, -5.12741
1.378063E-05, -5.110965
1.38121E-05, -5.093719
1.384356E-05, -5.075799
1.387502E-05, -5.057332
1.390649E-05, -5.038452
1.393795E-05, -5.019296
1.396941E-05, -5
1.400087E-05, -4.980704
1.403234E-05, -4.961547
1.40638E-05, -4.942668
1.409526E-05, -4.924201
1.412672E-05, -4.906281
1.415819E-05, -4.889036
1.418965E-05, -4.872591
1.422111E-05, -4.857062
1.425257E-05, -4.842565
1.428404E-05, -4.829201
1.43155E-05, -4.817069
1.434696E-05, -4.806253
1.437843E-05, -4.796834
1.440989E-05, -4.788879
1.444135E-05, -4.782445
1.447281E-05, -4.777579
1.450428E-05, -4.774315
1.453574E-05, -4.772677
1.45672E-05, -4.772677
1.459866E-05, -4.774315
1.463013E-05, -4.777579
1.466159E-05, -4.782445
1.469305E-05, -4.788879
1.472451E-05, -4.796834
1.475598E-05, -4.806253
1.478744E-05, -4.817068
1.48189E-05, -4.829201
1.485037E-05, -4.842565
1.488183E-05, -4.857062
1.491329E-05, -4.87259
1.494475E-05, -4.889036
1.497622E-05, -4.906281
1.500768E-05, -4.924201
1.503914E-05, -4.942668
1.50706E-05, -4.961547
1.510207E-05, -4.980704
1.513353E-05, -5
1.516499E-05, -5.019296
1.519645E-05, -5.038452
1.522792E-05, -5.057332
1.525938E-05, -5.075798
1.529084E-05, -5.093719
1.53223E-05, -5.110964
1.535377E-05, -5.12741
1.538523E-05, -5.142937
1.541669E-05, -5.157435
1.544815E-05, -5.170799
1.547962E-05, -5.182932
1.551108E-05, -5.193747
1.554254E-05, -5.203166
1.557401E-05, -5.211121
1.560547E-05, -5.217555
1.563693E-05, -5.222421
1.566839E-05, -5.225685
1.569986E-05, -5.227323
1.573132E-05, -5.227323
1.576278E-05, -5.225685
1.579424E-05, -5.222421
1.582571E-05, -5.217555
1.585717E-05, -5.211121
1.588863E-05, -5.203166
1.592009E-05, -5.193747
1.595156E-05, -5.182932
1.598302E-05, -5.170799
1.601448E-05, -5.157435
1.604594E-05, -5.142938
1.607741E-05, -5.12741
1.610887E-05, -5.110964
1.614033E-05, -5.093719
1.61718E-05, -5.075799
1.620326E-05, -5.057333
1.623472E-05, -5.038453
1.626618E-05, -5.019296
1.629765E-05, -5
1.632911E-05, -4.980705
1.636057E-05, -4.961548
1.639203E-05, -4.942668
1.64235E-05, -4.924201
1.645496E-05, -4.906281
1.648642E-05, -4.889036
1.651788E-05, -4.87259
1.654935E-05, -4.857062
1.658081E-05, -4.842564
1.661227E-05, -4.829201
1.664373E-05, -4.817068
1.66752E-05, -4.806253
1.670666E-05, -4.796834
1.673812E-05, -4.788879
1.676959E-05, -4.782445
1.680105E-05, -4.777579
1.683251E-05, -4.774315
1.686397E-05, -4.772677
1.689544E-05, -4.772677
1.69269E-05, -4.774315
1.695836E-05, -4.777579
1.698982E-05, -4.782445
1.702129E-05, -4.788879
1.705275E-05, -4.796834
1.708421E-05, -4.806253
1.711568E-05, -4.817068
1.714714E-05, -4.829201
1.71786E-05, -4.842564
1.721006E-05, -4.857062
1.724153E-05, -4.87259
1.727299E-05, -4.889035
1.730445E-05, -4.906281
1.733591E-05, -4.924201
1.736738E-05, -4.942668
1.739884E-05, -4.961547
1.74303E-05, -4.980704
1.746176E-05, -5
1.749323E-05, -5.019296
1.752469E-05, -5.038453
1.755615E-05, -5.057332
1.758761E-05, -5.075799
1.761908E-05, -5.093719
1.765054E-05, -5.110964
1.7682E-05, -5.127409
1.771346E-05, -5.142937
1.774493E-05, -5.157435
1.777639E-05, -5.170799
1.780785E-05, -5.182931
1.783931E-05, -5.193747
1.787078E-05, -5.203166
1.790224E-05, -5.211121
1.79337E-05, -5.217555
1.796517E-05, -5.222421
1.799663E-05, -5.225685
1.802809E-05, -5.227323
1.805955E-05, -5.227323
1.809102E-05, -5.225685
1.812248E-05, -5.222421
1.815394E-05, -5.217555
1.81854E-05, -5.211121
1.821687E-05, -5.203166
1.824833E-05, -5.193747
1.827979E-05, -5.182932
1.831126E-05, -5.170799
1.834272E-05, -5.157436
1.837418E-05, -5.142938
1.840564E-05, -5.12741
1.843711E-05, -5.110964
1.846857E-05, -5.093719
1.850003E-05, -5.075799
1.853149E-05, -5.057333
1.856296E-05, -5.038453
1.859442E-05, -5.019296
1.862588E-05, -5
1.865734E-05, -4.980705
1.868881E-05, -4.961548
1.872027E-05, -4.942668
1.875173E-05, -4.924202
1.878319E-05, -4.906281
1.881466E-05, -4.889036
1.884612E-05, -4.87259
1.887758E-05, -4.857062
1.890904E-05, -4.842565
1.894051E-05, -4.829201
1.897197E-05, -4.817068
1.900343E-05, -4.806253
1.903489E-05, -4.796834
1.906636E-05, -4.788879
1.909782E-05, -4.782445
1.912928E-05, -4.777579
1.916075E-05, -4.774315
1.919221E-05, -4.772677
1.922367E-05, -4.772677
1.925513E-05, -4.774315
1.92866E-05, -4.777579
1.931806E-05, -4.782445
1.934952E-05, -4.788879
1.938098E-05, -4.796834
1.941245E-05, -4.806253
1.944391E-05, -4.817068
1.947537E-05, -4.829201
1.950684E-05, -4.842565
1.95383E-05, -4.857062
1.956976E-05, -4.87259
1.960122E-05, -4.889035
1.963269E-05, -4.906281
1.966415E-05, -4.924201
1.969561E-05, -4.942668
1.972707E-05, -4.961547
1.975854E-05, -4.980704
1.979E-05, -5
1.982146E-05, -5.019296
1.985292E-05, -5.038452
1.988439E-05, -5.057332
1.991585E-05, -5.075799
1.994731E-05, -5.093719
1.997877E-05, -5.110964
2.001024E-05, -5.127409
2.00417E-05, -5.142938
2.007316E-05, -5.157435
2.010462E-05, -5.170798
2.013609E-05, -5.182931
2.016755E-05, -5.193747
2.019901E-05, -5.203166
2.023048E-05, -5.211121
2.026194E-05, -5.217555
2.02934E-05, -5.222421
2.032486E-05, -5.225685
2.035633E-05, -5.227323
2.038779E-05, -5.227323
2.041925E-05, -5.225685
2.045071E-05, -5.222421
2.048218E-05, -5.217555
2.051364E-05, -5.211121
2.05451E-05, -5.203166
2.057656E-05, -5.193747
2.060803E-05, -5.182932
2.063949E-05, -5.170799
2.067095E-05, -5.157436
2.070241E-05, -5.142938
2.073388E-05, -5.12741
2.076534E-05, -5.110964
2.07968E-05, -5.093719
2.082827E-05, -5.075799
2.085973E-05, -5.057332
2.089119E-05, -5.038452
2.092265E-05, -5.019297
2.095412E-05, -5
2.098558E-05, -4.980704
2.101704E-05, -4.961547
2.104851E-05, -4.942667
2.107997E-05, -4.924202
2.111143E-05, -4.906281
2.114289E-05, -4.889036
2.117436E-05, -4.87259
2.120582E-05, -4.857063
2.123728E-05, -4.842565
2.126874E-05, -4.829201
2.130021E-05, -4.817068
2.133167E-05, -4.806253
2.136313E-05, -4.796834
2.139459E-05, -4.788879
2.142606E-05, -4.782445
2.145752E-05, -4.777579
2.148898E-05, -4.774315
2.152044E-05, -4.772677
2.155191E-05, -4.772677
2.158337E-05, -4.774315
2.161483E-05, -4.777579
2.164629E-05, -4.782445
2.167776E-05, -4.788879
2.170922E-05, -4.796834
2.174068E-05, -4.806253
2.177214E-05, -4.817068
2.180361E-05, -4.829201
2.183507E-05, -4.842565
2.186653E-05, -4.857062
2.189799E-05, -4.87259
2.192946E-05, -4.889036
2.196092E-05, -4.906281
2.199238E-05, -4.924201
2.202385E-05, -4.942667
2.205531E-05, -4.961547
2.208677E-05, -4.980704
2.211823E-05, -5
2.21497E-05, -5.019295
2.218116E-05, -5.038452
2.221262E-05, -5.057332
2.224408E-05, -5.075799
2.227555E-05, -5.093719
2.230701E-05, -5.110964
2.233847E-05, -5.12741
2.236994E-05, -5.142938
2.24014E-05, -5.157436
2.243286E-05, -5.170799
2.246432E-05, -5.182932
2.249579E-05, -5.193747
2.252725E-05, -5.203166
2.255871E-05, -5.211121
2.259017E-05, -5.217555
2.262164E-05, -5.222421
2.26531E-05, -5.225685
2.268456E-05, -5.227323
2.271602E-05, -5.227323
2.274749E-05, -5.225685
2.277895E-05, -5.222421
2.281041E-05, -5.217555
2.284187E-05, -5.211121
2.287334E-05, -5.203166
2.29048E-05, -5.193747
2.293626E-05, -5.182932
2.296772E-05, -5.170799
2.299919E-05, -5.157436
2.303065E-05, -5.142938
2.306211E-05, -5.12741
2.309357E-05, -5.110965
2.312504E-05, -5.093719
2.31565E-05, -5.075799
2.318796E-05, -5.057332
2.321943E-05, -5.038453
2.325089E-05, -5.019296
2.328235E-05, -5
2.331381E-05, -4.980704
2.334528E-05, -4.961547
2.337674E-05, -4.942668
2.34082E-05, -4.924201
2.343966E-05, -4.906281
2.347113E-05, -4.889036
2.350259E-05, -4.872591
2.353405E-05, -4.857063
2.356552E-05, -4.842565
2.359698E-05, -4.829201
2.362844E-05, -4.817069
2.36599E-05, -4.806253
2.369137E-05, -4.796834
2.372283E-05, -4.788879
2.375429E-05, -4.782445
2.378575E-05, -4.777579
2.381722E-05, -4.774315
2.384868E-05, -4.772677
2.388014E-05, -4.772677
2.39116E-05, -4.774315
2.394307E-05, -4.777579
2.397453E-05, -4.782445
2.400599E-05, -4.788879
2.403745E-05, -4.796834
2.406892E-05, -4.806253
2.410038E-05, -4.817068
2.413184E-05, -4.829201
2.416331E-05, -4.842565
2.419477E-05, -4.857062
2.422623E-05, -4.87259
2.425769E-05, -4.889036
2.428916E-05, -4.906281
2.432062E-05, -4.924201
2.435208E-05, -4.942667
2.438354E-05, -4.961547
2.441501E-05, -4.980704
2.444647E-05, -4.999999
2.447793E-05, -5.019295
2.450939E-05, -5.038452
2.454086E-05, -5.057332
2.457232E-05, -5.075798
2.460378E-05, -5.093719
2.463524E-05, -5.110964
2.466671E-05, -5.12741
2.469817E-05, -5.142938
2.472963E-05, -5.157435
2.47611E-05, -5.170799
2.479256E-05, -5.182932
2.482402E-05, -5.193747
2.485548E-05, -5.203166
2.488695E-05, -5.211121
2.491841E-05, -5.217555
2.494987E-05, -5.222421
2.498133E-05, -5.225685
2.50128E-05, -5.227323
2.504426E-05, -5.227323
2.507572E-05, -5.225685
2.510719E-05, -5.222421
2.513865E-05, -5.217555
2.517011E-05, -5.211121
2.520157E-05, -5.203166
2.523304E-05, -5.193747
2.52645E-05, -5.182932
2.529596E-05, -5.170799
2.532742E-05, -5.157435
2.535889E-05, -5.142938
2.539035E-05, -5.12741
2.542181E-05, -5.110965
2.545327E-05, -5.093719
2.548474E-05, -5.075799
2.55162E-05, -5.057332
2.554766E-05, -5.038453
2.557912E-05, -5.019296
2.561059E-05, -5
2.564205E-05, -4.980704
2.567351E-05, -4.961548
2.570497E-05, -4.942668
2.573644E-05, -4.924201
2.57679E-05, -4.906281
2.579936E-05, -4.889036
2.583082E-05, -4.872591
2.586229E-05, -4.857062
2.589375E-05, -4.842565
2.592521E-05, -4.829202
2.595668E-05, -4.817069
2.598814E-05, -4.806253
2.60196E-05, -4.796834
2.605106E-05, -4.788879
2.608253E-05, -4.782445
2.611399E-05, -4.777579
2.614545E-05, -4.774315
2.617691E-05, -4.772677
2.620838E-05, -4.772677
2.623984E-05, -4.774315
2.62713E-05, -4.777579
2.630277E-05, -4.782445
2.633423E-05, -4.788879
2.636569E-05, -4.796834
2.639715E-05, -4.806253
2.642862E-05, -4.817068
2.646008E-05, -4.829201
2.649154E-05, -4.842564
2.6523E-05, -4.857062
2.655447E-05, -4.87259
2.658593E-05, -4.889036
2.661739E-05, -4.90628
2.664885E-05, -4.924201
2.668032E-05, -4.942668
2.671178E-05, -4.961548
2.674324E-05, -4.980703
2.67747E-05, -5
2.680617E-05, -5.019295
2.683763E-05, -5.038453
2.686909E-05, -5.057333
2.690055E-05, -5.075798
2.693202E-05, -5.093719
2.696348E-05, -5.110964
2.699494E-05, -5.12741
2.70264E-05, -5.142937
2.705787E-05, -5.157435
2.708933E-05, -5.170799
2.712079E-05, -5.182932
2.715225E-05, -5.193746
2.718372E-05, -5.203166
2.721518E-05, -5.211121
2.724664E-05, -5.217555
2.727811E-05, -5.222421
2.730957E-05, -5.225685
2.734103E-05, -5.227323
2.737249E-05, -5.227323
2.740396E-05, -5.225685
2.743542E-05, -5.222421
2.746688E-05, -5.217555
2.749834E-05, -5.211121
2.752981E-05, -5.203166
2.756127E-05, -5.193747
2.759273E-05, -5.182932
2.76242E-05, -5.170799
2.765566E-05, -5.157435
2.768712E-05, -5.142938
2.771858E-05, -5.12741
2.775005E-05, -5.110965
2.778151E-05, -5.093719
2.781297E-05, -5.075799
2.784443E-05, -5.057333
2.78759E-05, -5.038453
2.790736E-05, -5.019296
2.793882E-05, -5
2.797028E-05, -4.980705
2.800175E-05, -4.961548
2.803321E-05, -4.942668
2.806467E-05, -4.924201
2.809613E-05, -4.906281
2.81276E-05, -4.889036
2.815906E-05, -4.87259
2.819052E-05, -4.857062
2.822199E-05, -4.842565
2.825345E-05, -4.829202
2.828491E-05, -4.817069
2.831637E-05, -4.806253
2.834784E-05, -4.796834
2.83793E-05, -4.788879
2.841076E-05, -4.782445
2.844222E-05, -4.777579
2.847369E-05, -4.774315
2.850515E-05, -4.772677
2.853661E-05, -4.772677
2.856807E-05, -4.774315
2.859954E-05, -4.777579
2.8631E-05, -4.782445
2.866246E-05, -4.788879
2.869392E-05, -4.796834
2.872539E-05, -4.806253
2.875685E-05, -4.817068
2.878831E-05, -4.829201
2.881978E-05, -4.842564
2.885124E-05, -4.857062
2.88827E-05, -4.87259
2.891416E-05, -4.889035
2.894563E-05, -4.906281
2.897709E-05, -4.924201
2.900855E-05, -4.942668
2.904001E-05, -4.961547
2.907148E-05, -4.980704
2.910294E-05, -5
2.91344E-05, -5.019296
2.916587E-05, -5.038453
2.919733E-05, -5.057332
2.922879E-05, -5.075798
2.926025E-05, -5.093719
2.929172E-05, -5.110964
2.932318E-05, -5.127409
2.935464E-05, -5.142937
2.93861E-05, -5.157435
2.941757E-05, -5.170799
2.944903E-05, -5.182931
2.948049E-05, -5.193747
2.951195E-05, -5.203166
2.954342E-05, -5.211121
2.957488E-05, -5.217555
2.960634E-05, -5.222421
2.96378E-05, -5.225685
2.966927E-05, -5.227323
2.970073E-05, -5.227323
2.973219E-05, -5.225685
2.976365E-05, -5.222421
2.979512E-05, -5.217555
2.982658E-05, -5.211121
2.985804E-05, -5.203166
2.98895E-05, -5.193747
2.992097E-05, -5.182932
2.995243E-05, -5.170799
2.998389E-05, -5.157435
3.001536E-05, -5.142938
3.004682E-05, -5.12741
3.007828E-05, -5.110964
3.010974E-05, -5.093719
3.014121E-05, -5.075799
3.017267E-05, -5.057333
3.020413E-05, -5.038453
3.023559E-05, -5.019296
3.026706E-05, -5.000001
3.029852E-05, -4.980705
3.032998E-05, -4.961548
3.036145E-05, -4.942668
3.039291E-05, -4.924202
3.042437E-05, -4.906281
3.045583E-05, -4.889036
3.04873E-05, -4.87259
3.051876E-05, -4.857063
3.055022E-05, -4.842564
3.058168E-05, -4.829201
3.061314E-05, -4.817069
3.064461E-05, -4.806253
3.067607E-05, -4.796835
3.070754E-05, -4.788879
3.0739E-05, -4.782445
3.077046E-05, -4.777579
3.080192E-05, -4.774315
3.083338E-05, -4.772677
3.086485E-05, -4.772677
3.089631E-05, -4.774315
3.092777E-05, -4.777579
3.095924E-05, -4.782445
3.09907E-05, -4.788879
3.102216E-05, -4.796834
3.105362E-05, -4.806253
3.108508E-05, -4.817068
3.111655E-05, -4.829201
3.114801E-05, -4.842565
3.117947E-05, -4.857061
3.121094E-05, -4.87259
3.12424E-05, -4.889035
3.127386E-05, -4.90628
3.130532E-05, -4.924201
3.133679E-05, -4.942667
3.136825E-05, -4.961548
3.139971E-05, -4.980704
3.143117E-05, -4.999999
3.146264E-05, -5.019296
3.14941E-05, -5.038452
3.152556E-05, -5.057333
3.155703E-05, -5.075799
3.158849E-05, -5.093718
3.161995E-05, -5.110964
3.165141E-05, -5.127409
3.168287E-05, -5.142937
3.171434E-05, -5.157435
3.17458E-05, -5.170798
3.177726E-05, -5.182932
3.180873E-05, -5.193747
3.184019E-05, -5.203165
3.187165E-05, -5.211121
3.190311E-05, -5.217555
3.193458E-05, -5.222421
3.196604E-05, -5.225685
3.19975E-05, -5.227323
3.202897E-05, -5.227323
3.206043E-05, -5.225685
3.209189E-05, -5.222422
3.212335E-05, -5.217555
3.215481E-05, -5.211121
3.218628E-05, -5.203166
3.221774E-05, -5.193747
3.22492E-05, -5.182932
3.228067E-05, -5.170799
3.231213E-05, -5.157436
3.234359E-05, -5.142937
3.237505E-05, -5.12741
3.240651E-05, -5.110965
3.243798E-05, -5.093719
3.246944E-05, -5.075799
3.25009E-05, -5.057333
3.253237E-05, -5.038453
3.256383E-05, -5.019297
3.259529E-05, -5
3.262675E-05, -4.980705
3.265822E-05, -4.961549
3.268968E-05, -4.942668
3.272114E-05, -4.924202
3.275261E-05, -4.906281
3.278407E-05, -4.889036
3.281553E-05, -4.872591
3.284699E-05, -4.857062
3.287846E-05, -4.842565
3.290992E-05, -4.829202
3.294138E-05, -4.817068
3.297284E-05, -4.806254
3.300431E-05, -4.796834
3.303577E-05, -4.788879
3.306723E-05, -4.782445
3.309869E-05, -4.777579
3.313016E-05, -4.774315
3.316162E-05, -4.772677
3.319308E-05, -4.772677
3.322454E-05, -4.774315
3.325601E-05, -4.777579
3.328747E-05, -4.782445
3.331893E-05, -4.788879
3.33504E-05, -4.796834
3.338186E-05, -4.806253
3.341332E-05, -4.817069
3.344478E-05, -4.829201
3.347624E-05, -4.842564
3.350771E-05, -4.857062
3.353917E-05, -4.87259
3.357064E-05, -4.889036
3.36021E-05, -4.906281
3.363356E-05, -4.924201
3.366502E-05, -4.942668
3.369648E-05, -4.961547
3.372795E-05, -4.980703
3.375941E-05, -5
3.379087E-05, -5.019295
3.382234E-05, -5.038453
3.38538E-05, -5.057332
3.388526E-05, -5.075798
3.391672E-05, -5.093719
3.394818E-05, -5.110964
3.397965E-05, -5.127409
3.401111E-05, -5.142938
3.404257E-05, -5.157435
3.407404E-05, -5.170799
3.41055E-05, -5.182931
3.413696E-05, -5.193746
3.416842E-05, -5.203166
3.419989E-05, -5.211121
3.423135E-05, -5.217555
3.426281E-05, -5.222421
3.429427E-05, -5.225685
3.432574E-05, -5.227323
3.43572E-05, -5.227323
3.438866E-05, -5.225685
3.442013E-05, -5.222421
3.445159E-05, -5.217555
3.448305E-05, -5.211121
3.451451E-05, -5.203166
3.454597E-05, -5.193748
3.457744E-05, -5.182932
3.46089E-05, -5.170799
3.464036E-05, -5.157435
3.467183E-05, -5.142938
3.470329E-05, -5.127411
3.473475E-05, -5.110964
3.476621E-05, -5.093719
3.479767E-05, -5.0758
3.482914E-05, -5.057332
3.48606E-05, -5.038453
3.489207E-05, -5.019295
3.492353E-05, -5
3.495499E-05, -4.980706
3.498645E-05, -4.961547
3.501791E-05, -4.942668
3.504938E-05, -4.924201
3.508084E-05, -4.906281
3.51123E-05, -4.889037
3.514377E-05, -4.87259
3.517523E-05, -4.857063
3.520669E-05, -4.842566
3.523815E-05, -4.829201
3.526962E-05, -4.817069
3.530108E-05, -4.806253
3.533254E-05, -4.796834
3.5364E-05, -4.78888
3.539547E-05, -4.782445
3.542693E-05, -4.777579
3.545839E-05, -4.774315
3.548985E-05, -4.772677
3.552132E-05, -4.772677
3.555278E-05, -4.774315
3.558424E-05, -4.777579
3.56157E-05, -4.782445
3.564717E-05, -4.788879
3.567863E-05, -4.796834
3.571009E-05, -4.806253
3.574156E-05, -4.817068
3.577302E-05, -4.8292
3.580448E-05, -4.842565
3.583594E-05, -4.857062
3.586741E-05, -4.872591
3.589887E-05, -4.889036
3.593033E-05, -4.90628
3.59618E-05, -4.924201
3.599326E-05, -4.942667
3.602472E-05, -4.961546
3.605618E-05, -4.980704
3.608764E-05, -4.999999
3.611911E-05, -5.019296
3.615057E-05, -5.038452
3.618203E-05, -5.057331
3.62135E-05, -5.075799
3.624496E-05, -5.093719
3.627642E-05, -5.110965
3.630788E-05, -5.12741
3.633934E-05, -5.142937
3.637081E-05, -5.157436
3.640227E-05, -5.170799
3.643373E-05, -5.182931
3.64652E-05, -5.193747
3.649666E-05, -5.203165
3.652812E-05, -5.211121
3.655958E-05, -5.217555
3.659105E-05, -5.222421
3.662251E-05, -5.225685
3.665397E-05, -5.227323
3.668543E-05, -5.227323
3.67169E-05, -5.225685
3.674836E-05, -5.222422
3.677982E-05, -5.217555
3.681129E-05, -5.211121
3.684275E-05, -5.203166
3.687421E-05, -5.193747
3.690567E-05, -5.182932
3.693714E-05, -5.170799
3.69686E-05, -5.157436
3.700006E-05, -5.142939
3.703152E-05, -5.12741
3.706299E-05, -5.110965
3.709445E-05, -5.09372
3.712591E-05, -5.075799
3.715737E-05, -5.057333
3.718884E-05, -5.038452
3.72203E-05, -5.019296
3.725176E-05, -5.000001
3.728323E-05, -4.980704
3.731469E-05, -4.961548
3.734615E-05, -4.942667
3.737761E-05, -4.924201
3.740907E-05, -4.906282
3.744054E-05, -4.889036
3.7472E-05, -4.872591
3.750346E-05, -4.857063
3.753493E-05, -4.842565
3.756639E-05, -4.829202
3.759785E-05, -4.817068
3.762931E-05, -4.806253
3.766077E-05, -4.796835
3.769224E-05, -4.788879
3.77237E-05, -4.782445
3.775517E-05, -4.777579
3.778663E-05, -4.774315
3.781809E-05, -4.772677
3.784955E-05, -4.772677
3.788101E-05, -4.774315
3.791248E-05, -4.777578
3.794394E-05, -4.782445
3.79754E-05, -4.788879
3.800687E-05, -4.796834
3.803833E-05, -4.806253
3.806979E-05, -4.817067
3.810125E-05, -4.829201
3.813272E-05, -4.842564
3.816418E-05, -4.857063
3.819564E-05, -4.87259
3.82271E-05, -4.889035
3.825857E-05, -4.906281
3.829003E-05, -4.924201
3.832149E-05, -4.942667
3.835296E-05, -4.961547
3.838442E-05, -4.980703
3.841588E-05, -5
3.844734E-05, -5.019295
3.84788E-05, -5.038451
3.851027E-05, -5.057332
3.854173E-05, -5.075798
3.857319E-05, -5.093719
3.860466E-05, -5.110964
3.863612E-05, -5.127409
3.866758E-05, -5.142938
3.869904E-05, -5.157435
3.87305E-05, -5.170798
3.876197E-05, -5.182932
3.879343E-05, -5.193746
3.88249E-05, -5.203166
3.885636E-05, -5.211121
3.888782E-05, -5.217555
3.891928E-05, -5.222421
3.895074E-05, -5.225685
3.898221E-05, -5.227323
3.901367E-05, -5.227323
3.904513E-05, -5.225685
3.90766E-05, -5.222421
3.910806E-05, -5.217555
3.913952E-05, -5.211121
3.917098E-05, -5.203166
3.920244E-05, -5.193747
3.923391E-05, -5.182931
3.926537E-05, -5.170799
3.929683E-05, -5.157436
3.93283E-05, -5.142938
3.935976E-05, -5.12741
3.939122E-05, -5.110964
3.942268E-05, -5.093719
3.945415E-05, -5.075799
3.948561E-05, -5.057332
3.951707E-05, -5.038453
3.954853E-05, -5.019297
3.958E-05, -5
3.961146E-05, -4.980705
3.964292E-05, -4.961547
3.967439E-05, -4.942668
3.970585E-05, -4.924202
3.973731E-05, -4.906281
3.976877E-05, -4.889036
3.980023E-05, -4.872591
3.98317E-05, -4.857062
3.986316E-05, -4.842565
3.989462E-05, -4.829201
3.992609E-05, -4.817069
3.995755E-05, -4.806254
3.998901E-05, -4.796834
4.002047E-05, -4.788879
4.005194E-05, -4.782445
4.00834E-05, -4.777579
4.011486E-05, -4.774315
4.014633E-05, -4.772677
4.017779E-05, -4.772677
4.020925E-05, -4.774315
4.024071E-05, -4.777579
4.027217E-05, -4.782445
4.030364E-05, -4.788879
4.03351E-05, -4.796834
4.036656E-05, -4.806252
4.039803E-05, -4.817068
4.042949E-05, -4.8292
4.046095E-05, -4.842565
4.049241E-05, -4.857062
4.052388E-05, -4.872589
4.055534E-05, -4.889036
4.05868E-05, -4.906281
4.061826E-05, -4.9242
4.064973E-05, -4.942668
4.068119E-05, -4.961546
4.071265E-05, -4.980705
4.074411E-05, -5
4.077558E-05, -5.019294
4.080704E-05, -5.038453
4.08385E-05, -5.057331
4.086997E-05, -5.075799
4.090143E-05, -5.093719
4.093289E-05, -5.110963
4.096435E-05, -5.12741
4.099582E-05, -5.142937
4.102728E-05, -5.157434
4.105874E-05, -5.170799
4.10902E-05, -5.182931
4.112167E-05, -5.193747
4.115313E-05, -5.203166
4.118459E-05, -5.21112
4.121606E-05, -5.217555
4.124752E-05, -5.222421
4.127898E-05, -5.225685
4.131044E-05, -5.227323
4.13419E-05, -5.227323
4.137337E-05, -5.225685
4.140483E-05, -5.222421
4.143629E-05, -5.217555
4.146776E-05, -5.211121
4.149922E-05, -5.203166
4.153068E-05, -5.193747
4.156214E-05, -5.182932
4.15936E-05, -5.1708
4.162507E-05, -5.157435
4.165653E-05, -5.142938
4.1688E-05, -5.127409
4.171946E-05, -5.110964
4.175092E-05, -5.09372
4.178238E-05, -5.075799
4.181384E-05, -5.057333
4.184531E-05, -5.038454
4.187677E-05, -5.019296
4.190823E-05, -5.000001
4.19397E-05, -4.980704
4.197116E-05, -4.961548
4.200262E-05, -4.942669
4.203408E-05, -4.924201
4.206555E-05, -4.906281
4.209701E-05, -4.889035
4.212847E-05, -4.87259
4.215993E-05, -4.857063
4.21914E-05, -4.842564
4.222286E-05, -4.829201
4.225432E-05, -4.817069
4.228578E-05, -4.806253
4.231725E-05, -4.796835
4.234871E-05, -4.788879
4.238017E-05, -4.782445
4.241163E-05, -4.777579
4.24431E-05, -4.774315
4.247456E-05, -4.772677
4.250602E-05, -4.772677
4.253749E-05, -4.774315
4.256895E-05, -4.777578
4.260041E-05, -4.782445
4.263187E-05, -4.788879
4.266333E-05, -4.796834
4.26948E-05, -4.806253
4.272626E-05, -4.817068
4.275773E-05, -4.829201
4.278919E-05, -4.842564
4.282065E-05, -4.857061
4.285211E-05, -4.87259
4.288357E-05, -4.889035
4.291504E-05, -4.90628
4.29465E-05, -4.924201
4.297796E-05, -4.942667
4.300943E-05, -4.961548
4.304089E-05, -4.980704
4.307235E-05, -4.999999
4.310381E-05, -5.019296
4.313527E-05, -5.038452
4.316674E-05, -5.057333
4.31982E-05, -5.075799
4.322966E-05, -5.093718
4.326113E-05, -5.110964
4.329259E-05, -5.127409
4.332405E-05, -5.142936
4.335551E-05, -5.157435
4.338698E-05, -5.170798
4.341844E-05, -5.182932
4.34499E-05, -5.193747
4.348136E-05, -5.203165
4.351283E-05, -5.211121
4.354429E-05, -5.217555
4.357575E-05, -5.222421
4.360722E-05, -5.225685
4.363868E-05, -5.227323
4.367014E-05, -5.227323
4.37016E-05, -5.225685
4.373306E-05, -5.222422
4.376453E-05, -5.217555
4.379599E-05, -5.211121
4.382745E-05, -5.203166
4.385892E-05, -5.193747
4.389038E-05, -5.182933
4.392184E-05, -5.170799
4.39533E-05, -5.157436
4.398477E-05, -5.142937
4.401623E-05, -5.12741
4.404769E-05, -5.110965
4.407916E-05, -5.093719
4.411062E-05, -5.075799
4.414208E-05, -5.057333
4.417354E-05, -5.038453
4.4205E-05, -5.019297
4.423647E-05, -5
4.426793E-05, -4.980705
4.429939E-05, -4.961549
4.433086E-05, -4.942668
4.436232E-05, -4.924202
4.439378E-05, -4.906281
4.442524E-05, -4.889036
4.44567E-05, -4.872591
4.448817E-05, -4.857062
4.451963E-05, -4.842565
4.455109E-05, -4.829202
4.458256E-05, -4.817068
4.461402E-05, -4.806254
4.464548E-05, -4.796834
4.467694E-05, -4.788879
4.470841E-05, -4.782446
4.473987E-05, -4.777579
4.477133E-05, -4.774315
4.48028E-05, -4.772677
4.483426E-05, -4.772677
4.486572E-05, -4.774315
4.489718E-05, -4.777579
4.492865E-05, -4.782445
4.496011E-05, -4.788879
4.499157E-05, -4.796834
4.502303E-05, -4.806253
4.50545E-05, -4.817069
4.508596E-05, -4.829201
4.511742E-05, -4.842564
4.514888E-05, -4.857062
4.518035E-05, -4.87259
4.521181E-05, -4.889036
4.524327E-05, -4.906281
4.527473E-05, -4.9242
4.53062E-05, -4.942668
4.533766E-05, -4.961547
4.536912E-05, -4.980703
4.540059E-05, -5
4.543205E-05, -5.019295
4.546351E-05, -5.038453
4.549497E-05, -5.057332
4.552643E-05, -5.075798
4.55579E-05, -5.093719
4.558936E-05, -5.110964
4.562082E-05, -5.127409
4.565229E-05, -5.142938
4.568375E-05, -5.157434
4.571521E-05, -5.170799
4.574667E-05, -5.182931
4.577814E-05, -5.193746
4.58096E-05, -5.203166
4.584106E-05, -5.211121
4.587253E-05, -5.217555
4.590399E-05, -5.222421
4.593545E-05, -5.225685
4.596691E-05, -5.227323
4.599837E-05, -5.227323
4.602984E-05, -5.225685
4.60613E-05, -5.222421
4.609276E-05, -5.217555
4.612423E-05, -5.211121
4.615569E-05, -5.203166
4.618715E-05, -5.193748
4.621861E-05, -5.182932
4.625008E-05, -5.1708
4.628154E-05, -5.157435
4.6313E-05, -5.142938
4.634446E-05, -5.127411
4.637593E-05, -5.110964
4.640739E-05, -5.09372
4.643885E-05, -5.0758
4.647032E-05, -5.057332
4.650178E-05, -5.038454
4.653324E-05, -5.019295
4.65647E-05, -5
4.659616E-05, -4.980706
4.662763E-05, -4.961548
4.665909E-05, -4.942669
4.669055E-05, -4.924201
4.672202E-05, -4.906281
4.675348E-05, -4.889037
4.678494E-05, -4.87259
4.68164E-05, -4.857063
4.684786E-05, -4.842566
4.687933E-05, -4.829201
4.691079E-05, -4.817069
4.694226E-05, -4.806253
4.697372E-05, -4.796834
4.700518E-05, -4.78888
4.703664E-05, -4.782445
4.70681E-05, -4.777579
4.709957E-05, -4.774315
4.713103E-05, -4.772677
4.716249E-05, -4.772677
4.719396E-05, -4.774315
4.722542E-05, -4.777579
4.725688E-05, -4.782445
4.728834E-05, -4.788879
4.731981E-05, -4.796834
4.735127E-05, -4.806253
4.738273E-05, -4.817068
4.741419E-05, -4.8292
4.744566E-05, -4.842565
4.747712E-05, -4.857062
4.750858E-05, -4.872591
4.754004E-05, -4.889035
4.757151E-05, -4.90628
4.760297E-05, -4.924201
4.763443E-05, -4.942667
4.766589E-05, -4.961546
4.769736E-05, -4.980704
4.772882E-05, -4.999999
4.776028E-05, -5.019296
4.779175E-05, -5.038452
4.782321E-05, -5.057331
4.785467E-05, -5.075799
4.788613E-05, -5.093719
4.79176E-05, -5.110965
4.794906E-05, -5.127409
4.798052E-05, -5.142937
4.801199E-05, -5.157435
4.804345E-05, -5.170798
4.807491E-05, -5.182931
4.810637E-05, -5.193747
4.813783E-05, -5.203165
4.81693E-05, -5.211121
4.820076E-05, -5.217555
4.823222E-05, -5.222421
4.826369E-05, -5.225685
4.829515E-05, -5.227323
4.832661E-05, -5.227323
4.835807E-05, -5.225685
4.838953E-05, -5.222422
4.8421E-05, -5.217555
4.845246E-05, -5.211121
4.848392E-05, -5.203166
4.851539E-05, -5.193747
4.854685E-05, -5.182932
4.857831E-05, -5.170799
4.860977E-05, -5.157436
4.864124E-05, -5.142939
4.86727E-05, -5.12741
4.870416E-05, -5.110965
4.873562E-05, -5.09372
4.876709E-05, -5.075799
4.879855E-05, -5.057333
4.883001E-05, -5.038452
4.886148E-05, -5.019296
4.889294E-05, -5.000001
4.89244E-05, -4.980704
4.895586E-05, -4.961548
4.898733E-05, -4.942667
4.901879E-05, -4.924202
4.905025E-05, -4.906282
4.908171E-05, -4.889036
4.911318E-05, -4.872591
4.914464E-05, -4.857064
4.91761E-05, -4.842565
4.920756E-05, -4.829202
4.923903E-05, -4.817068
4.927049E-05, -4.806253
4.930195E-05, -4.796835
4.933342E-05, -4.788879
4.936488E-05, -4.782445
4.939634E-05, -4.777579
4.94278E-05, -4.774315
4.945926E-05, -4.772677
4.949073E-05, -4.772677
4.952219E-05, -4.774315
4.955365E-05, -4.777578
4.958512E-05, -4.782445
4.961658E-05, -4.788879
4.964804E-05, -4.796834
4.96795E-05, -4.806253
4.971096E-05, -4.817067
4.974243E-05, -4.829201
4.977389E-05, -4.842564
4.980536E-05, -4.857063
4.983682E-05, -4.87259
4.986828E-05, -4.889035
4.989974E-05, -4.906281
4.99312E-05, -4.924201
4.996267E-05, -4.942667
4.999413E-05, -4.961547
5.002559E-05, -4.980703
5.005706E-05, -5
5.008852E-05, -5.019295
5.011998E-05, -5.038451
5.015144E-05, -5.057332
5.018291E-05, -5.075798
5.021437E-05, -5.093719
5.024583E-05, -5.110964
5.027729E-05, -5.127409
5.030876E-05, -5.142938
5.034022E-05, -5.157435
5.037168E-05, -5.170798
5.040314E-05, -5.182932
5.043461E-05, -5.193746
5.046607E-05, -5.203166
5.049753E-05, -5.211121
5.052899E-05, -5.217554
5.056046E-05, -5.222421
5.059192E-05, -5.225685
5.062338E-05, -5.227323
5.065485E-05, -5.227323
5.068631E-05, -5.225685
5.071777E-05, -5.222421
5.074923E-05, -5.217555
5.078069E-05, -5.211122
5.081216E-05, -5.203166
5.084362E-05, -5.193747
5.087509E-05, -5.182932
5.090655E-05, -5.170799
5.093801E-05, -5.157436
5.096947E-05, -5.142938
5.100093E-05, -5.127411
5.10324E-05, -5.110964
5.106386E-05, -5.093719
5.109532E-05, -5.0758
5.112679E-05, -5.057332
5.115825E-05, -5.038453
5.118971E-05, -5.019297
5.122117E-05, -5
5.125263E-05, -4.980705
5.12841E-05, -4.961547
5.131556E-05, -4.942668
5.134702E-05, -4.924202
5.137849E-05, -4.906281
5.140995E-05, -4.889037
5.144141E-05, -4.872591
5.147287E-05, -4.857063
5.150434E-05, -4.842566
5.15358E-05, -4.829201
5.156726E-05, -4.817069
5.159872E-05, -4.806254
5.163019E-05, -4.796834
5.166165E-05, -4.788879
5.169311E-05, -4.782445
5.172458E-05, -4.777579
5.175604E-05, -4.774315
5.17875E-05, -4.772677
5.181896E-05, -4.772677
5.185042E-05, -4.774315
5.188189E-05, -4.777579
5.191335E-05, -4.782445
5.194481E-05, -4.788879
5.197628E-05, -4.796834
5.200774E-05, -4.806252
5.20392E-05, -4.817068
5.207066E-05, -4.8292
5.210213E-05, -4.842565
5.213359E-05, -4.857062
5.216505E-05, -4.872589
5.219652E-05, -4.889036
5.222798E-05, -4.90628
5.225944E-05, -4.9242
5.22909E-05, -4.942667
5.232236E-05, -4.961546
5.235383E-05, -4.980704
5.238529E-05, -5
5.241675E-05, -5.019294
5.244822E-05, -5.038452
5.247968E-05, -5.057331
5.251114E-05, -5.075799
5.25426E-05, -5.093719
5.257407E-05, -5.110963
5.260553E-05, -5.12741
5.263699E-05, -5.142937
5.266845E-05, -5.157434
5.269992E-05, -5.170799
5.273138E-05, -5.182931
5.276284E-05, -5.193747
5.27943E-05, -5.203166
5.282577E-05, -5.21112
5.285723E-05, -5.217555
5.288869E-05, -5.222421
5.292016E-05, -5.225685
5.295162E-05, -5.227323
5.298308E-05, -5.227323
5.301454E-05, -5.225685
5.304601E-05, -5.222421
5.307747E-05, -5.217555
5.310893E-05, -5.211121
5.314039E-05, -5.203166
5.317186E-05, -5.193747
5.320332E-05, -5.182932
5.323478E-05, -5.1708
5.326625E-05, -5.157435
5.329771E-05, -5.142938
5.332917E-05, -5.127409
5.336063E-05, -5.110965
5.339209E-05, -5.09372
5.342356E-05, -5.075799
5.345502E-05, -5.057333
5.348648E-05, -5.038454
5.351795E-05, -5.019296
5.354941E-05, -5.000001
5.358087E-05, -4.980704
5.361233E-05, -4.961548
5.364379E-05, -4.942669
5.367526E-05, -4.924201
5.370672E-05, -4.906282
5.373819E-05, -4.889035
5.376965E-05, -4.872591
5.380111E-05, -4.857063
5.383257E-05, -4.842565
5.386403E-05, -4.829202
5.38955E-05, -4.817069
5.392696E-05, -4.806253
5.395842E-05, -4.796835
5.398989E-05, -4.788879
5.402135E-05, -4.782445
5.405281E-05, -4.777579
5.408427E-05, -4.774315
5.411574E-05, -4.772677
5.41472E-05, -4.772677
5.417866E-05, -4.774315
5.421012E-05, -4.777578
5.424159E-05, -4.782445
5.427305E-05, -4.788879
5.430451E-05, -4.796834
5.433597E-05, -4.806253
5.436744E-05, -4.817068
5.43989E-05, -4.829201
5.443036E-05, -4.842564
5.446182E-05, -4.857061
5.449329E-05, -4.87259
5.452475E-05, -4.889035
5.455621E-05, -4.90628
5.458768E-05, -4.924201
5.461914E-05, -4.942667
5.46506E-05, -4.961548
5.468206E-05, -4.980703
5.471352E-05, -4.999999
5.474499E-05, -5.019296
5.477645E-05, -5.038451
5.480792E-05, -5.057333
5.483938E-05, -5.075798
5.487084E-05, -5.093718
5.49023E-05, -5.110964
5.493376E-05, -5.127409
5.496522E-05, -5.142936
5.499669E-05, -5.157435
5.502815E-05, -5.170798
5.505962E-05, -5.182932
5.509108E-05, -5.193747
5.512254E-05, -5.203165
5.5154E-05, -5.211121
5.518546E-05, -5.217555
5.521693E-05, -5.222421
5.524839E-05, -5.225685
5.527985E-05, -5.227323
5.531132E-05, -5.227323
5.534278E-05, -5.225685
5.537424E-05, -5.222422
5.54057E-05, -5.217555
5.543717E-05, -5.211121
5.546863E-05, -5.203166
5.550009E-05, -5.193747
5.553155E-05, -5.182933
5.556302E-05, -5.170799
5.559448E-05, -5.157436
5.562594E-05, -5.142937
5.565741E-05, -5.12741
5.568887E-05, -5.110965
5.572033E-05, -5.093719
5.575179E-05, -5.075799
5.578325E-05, -5.057333
5.581472E-05, -5.038453
5.584618E-05, -5.019297
5.587764E-05, -5
5.590911E-05, -4.980705
5.594057E-05, -4.961549
5.597203E-05, -4.942668
5.600349E-05, -4.924202
5.603496E-05, -4.906281
5.606642E-05, -4.889036
5.609788E-05, -4.872591
5.612935E-05, -4.857062
5.616081E-05, -4.842565
5.619227E-05, -4.829202
5.622373E-05, -4.817068
5.625519E-05, -4.806254
5.628666E-05, -4.796834
5.631812E-05, -4.788879
5.634958E-05, -4.782446
5.638105E-05, -4.777579
5.641251E-05, -4.774315
5.644397E-05, -4.772677
5.647543E-05, -4.772677
5.650689E-05, -4.774315
5.653836E-05, -4.777579
5.656982E-05, -4.782445
5.660128E-05, -4.788878
5.663275E-05, -4.796834
5.666421E-05, -4.806252
5.669567E-05, -4.817068
5.672713E-05, -4.829201
5.67586E-05, -4.842564
5.679006E-05, -4.857062
5.682152E-05, -4.872589
5.685299E-05, -4.889036
5.688445E-05, -4.906281
5.691591E-05, -4.9242
5.694737E-05, -4.942668
5.697884E-05, -4.961547
5.70103E-05, -4.980703
5.704176E-05, -5
5.707322E-05, -5.019295
5.710469E-05, -5.038453
5.713615E-05, -5.057332
5.716761E-05, -5.075797
5.719907E-05, -5.093719
5.723054E-05, -5.110963
5.7262E-05, -5.127409
5.729346E-05, -5.142937
5.732492E-05, -5.157434
5.735639E-05, -5.170799
5.738785E-05, -5.182931
5.741931E-05, -5.193746
5.745078E-05, -5.203166
5.748224E-05, -5.21112
5.75137E-05, -5.217555
5.754516E-05, -5.222421
5.757662E-05, -5.225685
5.760809E-05, -5.227323
5.763955E-05, -5.227323
5.767101E-05, -5.225685
5.770248E-05, -5.222421
5.773394E-05, -5.217555
5.77654E-05, -5.211121
5.779686E-05, -5.203166
5.782833E-05, -5.193748
5.785979E-05, -5.182932
5.789125E-05, -5.1708
5.792272E-05, -5.157435
5.795418E-05, -5.142938
5.798564E-05, -5.127411
5.80171E-05, -5.110964
5.804856E-05, -5.09372
5.808003E-05, -5.0758
5.811149E-05, -5.057333
5.814295E-05, -5.038454
5.817442E-05, -5.019296
5.820588E-05, -5
5.823734E-05, -4.980706
5.82688E-05, -4.961548
5.830027E-05, -4.942669
5.833173E-05, -4.924201
5.836319E-05, -4.906281
5.839465E-05, -4.889037
5.842612E-05, -4.87259
5.845758E-05, -4.857063
5.848904E-05, -4.842566
5.852051E-05, -4.829201
5.855197E-05, -4.817069
5.858343E-05, -4.806253
5.861489E-05, -4.796834
5.864635E-05, -4.78888
5.867782E-05, -4.782445
5.870928E-05, -4.777579
5.874074E-05, -4.774315
5.877221E-05, -4.772677
5.880367E-05, -4.772677
5.883513E-05, -4.774315
5.886659E-05, -4.777579
5.889805E-05, -4.782445
5.892952E-05, -4.788879
5.896098E-05, -4.796834
5.899245E-05, -4.806253
5.902391E-05, -4.817068
5.905537E-05, -4.8292
5.908683E-05, -4.842565
5.911829E-05, -4.857061
5.914976E-05, -4.872591
5.918122E-05, -4.889035
5.921268E-05, -4.90628
5.924415E-05, -4.924201
5.927561E-05, -4.942667
5.930707E-05, -4.961546
5.933853E-05, -4.980704
5.937E-05, -4.999999
5.940146E-05, -5.019296
5.943292E-05, -5.038452
5.946438E-05, -5.057331
5.949585E-05, -5.075799
5.952731E-05, -5.093718
5.955877E-05, -5.110965
5.959023E-05, -5.127409
5.96217E-05, -5.142937
5.965316E-05, -5.157435
5.968462E-05, -5.170798
5.971608E-05, -5.182931
5.974755E-05, -5.193747
5.977901E-05, -5.203165
5.981047E-05, -5.211121
5.984194E-05, -5.217555
5.98734E-05, -5.222421
5.990486E-05, -5.225685
5.993632E-05, -5.227323
5.996779E-05, -5.227323
5.999925E-05, -5.225685
6.003071E-05, -5.222422
6.006218E-05, -5.217555
6.009364E-05, -5.211121
6.01251E-05, -5.203166
6.015656E-05, -5.193747
6.018802E-05, -5.182932
6.021949E-05, -5.170799
6.025095E-05, -5.157436
6.028241E-05, -5.142939
6.031388E-05, -5.12741
6.034534E-05, -5.110965
6.03768E-05, -5.093721
6.040826E-05, -5.075799
6.043972E-05, -5.057333
6.047119E-05, -5.038452
6.050265E-05, -5.019297
6.053411E-05, -5.000001
6.056558E-05, -4.980704
6.059704E-05, -4.961549
6.06285E-05, -4.942667
6.065996E-05, -4.924202
6.069143E-05, -4.906282
6.072289E-05, -4.889036
6.075435E-05, -4.872591
6.078581E-05, -4.857064
6.081728E-05, -4.842565
6.084874E-05, -4.829202
6.08802E-05, -4.817068
6.091167E-05, -4.806253
6.094313E-05, -4.796835
6.097459E-05, -4.788879
6.100605E-05, -4.782445
6.103751E-05, -4.777579
6.106897E-05, -4.774315
6.110044E-05, -4.772677
6.11319E-05, -4.772677
6.116337E-05, -4.774315
6.119483E-05, -4.777578
6.122629E-05, -4.782444
6.125776E-05, -4.788879
6.128922E-05, -4.796834
6.132068E-05, -4.806253
6.135214E-05, -4.817067
6.13836E-05, -4.829199
6.141507E-05, -4.842566
6.144653E-05, -4.857063
6.147799E-05, -4.87259
6.150945E-05, -4.889035
6.154092E-05, -4.906279
6.157238E-05, -4.924202
6.160385E-05, -4.942668
6.163531E-05, -4.961547
6.166677E-05, -4.980703
6.169823E-05, -4.999998
6.172969E-05, -5.019293
6.176116E-05, -5.038453
6.179262E-05, -5.057332
6.182408E-05, -5.075798
6.185554E-05, -5.093718
6.1887E-05, -5.110962
6.191847E-05, -5.127411
6.194993E-05, -5.142938
6.198139E-05, -5.157435
6.201286E-05, -5.170798
6.204432E-05, -5.18293
6.207579E-05, -5.193747
6.210725E-05, -5.203166
6.213871E-05, -5.211121
6.217017E-05, -5.217554
6.220163E-05, -5.222421
6.22331E-05, -5.225685
6.226456E-05, -5.227323
6.229602E-05, -5.227323
6.232748E-05, -5.225685
6.235894E-05, -5.222422
6.239041E-05, -5.217554
6.242187E-05, -5.211121
6.245333E-05, -5.203166
6.24848E-05, -5.193748
6.251626E-05, -5.182933
6.254772E-05, -5.170801
6.257919E-05, -5.157435
6.261065E-05, -5.142938
6.264211E-05, -5.127411
6.267357E-05, -5.110966
6.270503E-05, -5.093721
6.27365E-05, -5.075798
6.276796E-05, -5.057332
6.279942E-05, -5.038453
6.283088E-05, -5.019298
6.286235E-05, -5.000002
6.289381E-05, -4.980703
6.292528E-05, -4.961547
6.295674E-05, -4.942668
6.29882E-05, -4.924203
6.301966E-05, -4.906283
6.305113E-05, -4.889035
6.308259E-05, -4.87259
6.311405E-05, -4.857063
6.314551E-05, -4.842566
6.317697E-05, -4.829203
6.320844E-05, -4.817067
6.32399E-05, -4.806253
6.327136E-05, -4.796834
6.330282E-05, -4.78888
6.333429E-05, -4.782446
6.336575E-05, -4.777579
6.339722E-05, -4.774315
6.342868E-05, -4.772677
6.346014E-05, -4.772677
6.34916E-05, -4.774315
6.352306E-05, -4.777578
6.355453E-05, -4.782445
6.358599E-05, -4.788879
6.361745E-05, -4.796834
6.364891E-05, -4.806252
6.368037E-05, -4.817067
6.371184E-05, -4.829202
6.37433E-05, -4.842565
6.377477E-05, -4.857062
6.380623E-05, -4.872589
6.383769E-05, -4.889034
6.386916E-05, -4.906282
6.390062E-05, -4.924202
6.393208E-05, -4.942667
6.396354E-05, -4.961546
6.3995E-05, -4.980702
6.402647E-05, -5.000001
6.405793E-05, -5.019296
6.408939E-05, -5.038452
6.412085E-05, -5.057331
6.415231E-05, -5.075797
6.418378E-05, -5.093717
6.421524E-05, -5.110965
6.424671E-05, -5.12741
6.427817E-05, -5.142937
6.430963E-05, -5.157434
6.434109E-05, -5.170797
6.437256E-05, -5.182932
6.440402E-05, -5.193747
6.443548E-05, -5.203166
6.446694E-05, -5.21112
6.44984E-05, -5.217554
6.452987E-05, -5.222422
6.456133E-05, -5.225685
6.459279E-05, -5.227323
6.462426E-05, -5.227323
6.465572E-05, -5.225686
6.468718E-05, -5.222421
6.471865E-05, -5.217555
6.475011E-05, -5.211121
6.478157E-05, -5.203166
6.481303E-05, -5.193748
6.484449E-05, -5.182934
6.487596E-05, -5.170798
6.490742E-05, -5.157435
6.493888E-05, -5.142939
6.497034E-05, -5.127411
6.50018E-05, -5.110967
6.503327E-05, -5.093719
6.506473E-05, -5.075799
6.50962E-05, -5.057333
6.512766E-05, -5.038454
6.515912E-05, -5.019298
6.519059E-05, -4.999999
6.522205E-05, -4.980704
6.525351E-05, -4.961548
6.528497E-05, -4.942669
6.531643E-05, -4.924204
6.53479E-05, -4.90628
6.537936E-05, -4.889035
6.541082E-05, -4.872591
6.544228E-05, -4.857063
6.547375E-05, -4.842566
6.550521E-05, -4.8292
6.553667E-05, -4.817068
6.556814E-05, -4.806253
6.55996E-05, -4.796835
6.563106E-05, -4.78888
6.566252E-05, -4.782446
6.569399E-05, -4.777579
6.572545E-05, -4.774315
6.575691E-05, -4.772677
6.578837E-05, -4.772677
6.581983E-05, -4.774314
6.58513E-05, -4.777579
6.588276E-05, -4.782445
6.591422E-05, -4.788879
6.594569E-05, -4.796834
6.597715E-05, -4.806252
6.600862E-05, -4.817069
6.604008E-05, -4.829201
6.607154E-05, -4.842564
6.6103E-05, -4.857061
6.613446E-05, -4.872588
6.616593E-05, -4.889037
6.619739E-05, -4.906281
6.622885E-05, -4.924201
6.626031E-05, -4.942667
6.629177E-05, -4.961545
6.632324E-05, -4.980706
6.63547E-05, -5
6.638616E-05, -5.019295
6.641763E-05, -5.038451
6.644909E-05, -5.05733
6.648055E-05, -5.075796
6.651202E-05, -5.09372
6.654348E-05, -5.110964
6.657494E-05, -5.127409
6.66064E-05, -5.142936
6.663786E-05, -5.157434
6.666933E-05, -5.1708
6.670079E-05, -5.182932
6.673225E-05, -5.193746
6.676371E-05, -5.203165
6.679518E-05, -5.21112
6.682664E-05, -5.217555
6.685811E-05, -5.222421
6.688957E-05, -5.225685
6.692103E-05, -5.227323
6.695249E-05, -5.227323
6.698396E-05, -5.225685
6.701542E-05, -5.222421
6.704688E-05, -5.217555
6.707834E-05, -5.211121
6.71098E-05, -5.203166
6.714127E-05, -5.193746
6.717273E-05, -5.182931
6.720419E-05, -5.170799
6.723565E-05, -5.157436
6.726712E-05, -5.142939
6.729858E-05, -5.127412
6.733005E-05, -5.110964
6.736151E-05, -5.093719
6.739297E-05, -5.075799
6.742443E-05, -5.057334
6.745589E-05, -5.038455
6.748736E-05, -5.019295
6.751882E-05, -5
6.755028E-05, -4.980705
6.758174E-05, -4.961549
6.76132E-05, -4.94267
6.764467E-05, -4.924201
6.767613E-05, -4.906281
6.77076E-05, -4.889036
6.773906E-05, -4.872591
6.777052E-05, -4.857064
6.780199E-05, -4.842564
6.783345E-05, -4.829201
6.786491E-05, -4.817069
6.789637E-05, -4.806254
6.792783E-05, -4.796835
6.795929E-05, -4.78888
6.799076E-05, -4.782445
6.802222E-05, -4.777579
6.805368E-05, -4.774315
6.808514E-05, -4.772677
6.811661E-05, -4.772677
6.814807E-05, -4.774315
6.817954E-05, -4.777579
6.8211E-05, -4.782445
6.824246E-05, -4.788878
6.827392E-05, -4.796833
6.830539E-05, -4.806254
6.833685E-05, -4.817068
6.836831E-05, -4.829201
6.839977E-05, -4.842563
6.843123E-05, -4.85706
6.84627E-05, -4.872591
6.849416E-05, -4.889036
6.852562E-05, -4.906281
6.855708E-05, -4.9242
6.858855E-05, -4.942666
6.862001E-05, -4.961549
6.865148E-05, -4.980705
6.868294E-05, -5
6.87144E-05, -5.019294
6.874586E-05, -5.03845
6.877732E-05, -5.057329
6.880879E-05, -5.075799
6.884025E-05, -5.093719
6.887171E-05, -5.110963
6.890317E-05, -5.127409
6.893463E-05, -5.142935
6.89661E-05, -5.157436
6.899756E-05, -5.170799
6.902903E-05, -5.182931
6.906049E-05, -5.193746
6.909195E-05, -5.203165
6.912342E-05, -5.211121
6.915488E-05, -5.217555
6.918634E-05, -5.222421
6.92178E-05, -5.225685
6.924926E-05, -5.227323
6.928073E-05, -5.227323
6.931219E-05, -5.225685
6.934365E-05, -5.222421
6.937511E-05, -5.217555
6.940657E-05, -5.211122
6.943804E-05, -5.203165
6.94695E-05, -5.193747
6.950097E-05, -5.182932
6.953243E-05, -5.1708
6.956389E-05, -5.157437
6.959535E-05, -5.14294
6.962682E-05, -5.127409
6.965828E-05, -5.110964
6.968974E-05, -5.09372
6.97212E-05, -5.0758
6.975266E-05, -5.057335
6.978413E-05, -5.038452
6.981559E-05, -5.019296
6.984705E-05, -5.000001
6.987852E-05, -4.980706
6.990998E-05, -4.96155
6.994144E-05, -4.942667
6.997291E-05, -4.924201
7.000437E-05, -4.906281
7.003583E-05, -4.889037
7.006729E-05, -4.872592
7.009876E-05, -4.857061
7.013022E-05, -4.842564
7.016168E-05, -4.829201
7.019314E-05, -4.817069
7.02246E-05, -4.806254
7.025607E-05, -4.796834
7.028753E-05, -4.788879
7.031899E-05, -4.782445
7.035046E-05, -4.777579
7.038192E-05, -4.774315
7.041338E-05, -4.772677
7.044485E-05, -4.772677
7.047631E-05, -4.774315
7.050777E-05, -4.777579
7.053923E-05, -4.782445
7.057069E-05, -4.788878
7.060216E-05, -4.796835
7.063362E-05, -4.806253
7.066508E-05, -4.817068
7.069654E-05, -4.8292
7.072801E-05, -4.842563
7.075947E-05, -4.857063
7.079093E-05, -4.87259
7.08224E-05, -4.889035
7.085386E-05, -4.90628
7.088532E-05, -4.924199
7.091679E-05, -4.942669
7.094825E-05, -4.961548
7.097971E-05, -4.980704
7.101117E-05, -4.999999
7.104263E-05, -5.019294
7.107409E-05, -5.038449
7.110556E-05, -5.057333
7.113702E-05, -5.075799
7.116848E-05, -5.093718
7.119995E-05, -5.110962
7.123141E-05, -5.127408
7.126288E-05, -5.142938
7.129434E-05, -5.157435
7.13258E-05, -5.170798
7.135726E-05, -5.182931
7.138872E-05, -5.193745
7.142019E-05, -5.203166
7.145165E-05, -5.211121
7.148311E-05, -5.217555
7.151457E-05, -5.222421
7.154603E-05, -5.225685
7.15775E-05, -5.227323
7.160896E-05, -5.227323
7.164042E-05, -5.225685
7.167189E-05, -5.222422
7.170335E-05, -5.217556
7.173482E-05, -5.21112
7.176628E-05, -5.203166
7.179774E-05, -5.193747
7.18292E-05, -5.182933
7.186066E-05, -5.1708
7.189212E-05, -5.157438
7.192359E-05, -5.142937
7.195505E-05, -5.12741
7.198651E-05, -5.110965
7.201797E-05, -5.093721
7.204944E-05, -5.075801
7.20809E-05, -5.057331
7.211237E-05, -5.038453
7.214383E-05, -5.019297
7.217529E-05, -5.000002
7.220675E-05, -4.980707
7.223822E-05, -4.961546
7.226968E-05, -4.942668
7.230114E-05, -4.924202
7.23326E-05, -4.906282
7.236406E-05, -4.889038
7.239553E-05, -4.872589
7.242699E-05, -4.857062
7.245845E-05, -4.842565
7.248991E-05, -4.829202
7.252138E-05, -4.81707
7.255284E-05, -4.806252
7.258431E-05, -4.796834
7.261577E-05, -4.788879
7.264723E-05, -4.782445
7.267869E-05, -4.777579
7.271015E-05, -4.774315
7.274162E-05, -4.772677
7.277308E-05, -4.772677
7.280454E-05, -4.774315
7.2836E-05, -4.777578
7.286746E-05, -4.782444
7.289893E-05, -4.788879
7.293039E-05, -4.796834
7.296186E-05, -4.806253
7.299332E-05, -4.817067
7.302478E-05, -4.829199
7.305625E-05, -4.842565
7.308771E-05, -4.857062
7.311917E-05, -4.87259
7.315063E-05, -4.889034
7.318209E-05, -4.906279
7.321356E-05, -4.924202
7.324502E-05, -4.942668
7.327648E-05, -4.961547
7.330794E-05, -4.980703
7.33394E-05, -4.999998
7.337087E-05, -5.019293
7.340233E-05, -5.038453
7.34338E-05, -5.057332
7.346526E-05, -5.075798
7.349672E-05, -5.093717
7.352818E-05, -5.110962
7.355965E-05, -5.12741
7.359111E-05, -5.142938
7.362257E-05, -5.157435
7.365403E-05, -5.170798
7.368549E-05, -5.18293
7.371696E-05, -5.193747
7.374842E-05, -5.203166
7.377988E-05, -5.211121
7.381134E-05, -5.217554
7.384281E-05, -5.222421
7.387427E-05, -5.225685
7.390574E-05, -5.227323
7.39372E-05, -5.227323
7.396866E-05, -5.225685
7.400012E-05, -5.222422
7.403159E-05, -5.217555
7.406305E-05, -5.211121
7.409451E-05, -5.203166
7.412597E-05, -5.193748
7.415743E-05, -5.182933
7.418889E-05, -5.170801
7.422036E-05, -5.157435
7.425182E-05, -5.142938
7.428329E-05, -5.127411
7.431475E-05, -5.110966
7.434621E-05, -5.093722
7.437768E-05, -5.075798
7.440914E-05, -5.057332
7.44406E-05, -5.038454
7.447206E-05, -5.019298
7.450352E-05, -5.000003
7.453499E-05, -4.980703
7.456645E-05, -4.961547
7.459791E-05, -4.942669
7.462937E-05, -4.924203
7.466083E-05, -4.906283
7.46923E-05, -4.889035
7.472376E-05, -4.87259
7.475523E-05, -4.857063
7.478669E-05, -4.842566
7.481815E-05, -4.829203
7.484962E-05, -4.817067
7.488108E-05, -4.806253
7.491254E-05, -4.796834
7.4944E-05, -4.78888
7.497546E-05, -4.782446
7.500692E-05, -4.777579
7.503839E-05, -4.774315
7.506985E-05, -4.772677
7.510131E-05, -4.772677
7.513278E-05, -4.774314
7.516424E-05, -4.777578
7.51957E-05, -4.782445
7.522717E-05, -4.788879
7.525863E-05, -4.796834
7.529009E-05, -4.806252
7.532155E-05, -4.817067
7.535302E-05, -4.829202
7.538448E-05, -4.842565
7.541594E-05, -4.857062
7.54474E-05, -4.872589
7.547886E-05, -4.889034
7.551033E-05, -4.906282
7.554179E-05, -4.924201
7.557325E-05, -4.942667
7.560472E-05, -4.961546
7.563618E-05, -4.980702
7.566765E-05, -5.000001
7.569911E-05, -5.019296
7.573057E-05, -5.038452
7.576203E-05, -5.057331
7.579349E-05, -5.075797
7.582495E-05, -5.093716
7.585642E-05, -5.110965
7.588788E-05, -5.12741
7.591934E-05, -5.142937
7.59508E-05, -5.157434
7.598227E-05, -5.170797
7.601373E-05, -5.182932
7.604519E-05, -5.193747
7.607666E-05, -5.203165
7.610812E-05, -5.21112
7.613958E-05, -5.217554
7.617105E-05, -5.222422
7.620251E-05, -5.225685
7.623397E-05, -5.227323
7.626543E-05, -5.227323
7.629689E-05, -5.225686
7.632836E-05, -5.222421
7.635982E-05, -5.217555
7.639128E-05, -5.211121
7.642274E-05, -5.203166
7.645421E-05, -5.193748
7.648567E-05, -5.182934
7.651714E-05, -5.170799
7.65486E-05, -5.157436
7.658006E-05, -5.142939
7.661152E-05, -5.127412
7.664298E-05, -5.110967
7.667445E-05, -5.093719
7.670591E-05, -5.075799
7.673737E-05, -5.057333
7.676883E-05, -5.038454
7.680029E-05, -5.019299
7.683176E-05, -4.999999
7.686322E-05, -4.980704
7.689468E-05, -4.961548
7.692615E-05, -4.942669
7.695761E-05, -4.924204
7.698908E-05, -4.90628
7.702054E-05, -4.889036
7.7052E-05, -4.872591
7.708346E-05, -4.857064
7.711492E-05, -4.842566
7.714639E-05, -4.8292
7.717785E-05, -4.817068
7.720931E-05, -4.806253
7.724077E-05, -4.796835
7.727223E-05, -4.78888
7.73037E-05, -4.782446
7.733516E-05, -4.777579
7.736663E-05, -4.774315
7.739809E-05, -4.772677
7.742955E-05, -4.772677
7.746101E-05, -4.774314
7.749248E-05, -4.777579
7.752394E-05, -4.782445
7.75554E-05, -4.788879
7.758686E-05, -4.796834
7.761832E-05, -4.806252
7.764979E-05, -4.817069
7.768125E-05, -4.829201
7.771271E-05, -4.842564
7.774417E-05, -4.857061
7.777564E-05, -4.872588
7.78071E-05, -4.889037
7.783857E-05, -4.906281
7.787003E-05, -4.924201
7.790149E-05, -4.942667
7.793295E-05, -4.961545
7.796442E-05, -4.980706
7.799588E-05, -5
7.802734E-05, -5.019295
7.80588E-05, -5.038451
7.809026E-05, -5.05733
7.812172E-05, -5.075796
7.815319E-05, -5.093719
7.818465E-05, -5.110964
7.821612E-05, -5.127409
7.824758E-05, -5.142936
7.827904E-05, -5.157434
7.831051E-05, -5.170799
7.834197E-05, -5.182932
7.837343E-05, -5.193746
7.840489E-05, -5.203165
7.843635E-05, -5.21112
7.846782E-05, -5.217555
7.849928E-05, -5.222421
7.853074E-05, -5.225685
7.85622E-05, -5.227323
7.859366E-05, -5.227323
7.862513E-05, -5.225685
7.865659E-05, -5.222421
7.868806E-05, -5.217555
7.871952E-05, -5.211121
7.875098E-05, -5.203166
7.878245E-05, -5.193746
7.881391E-05, -5.182931
7.884537E-05, -5.170799
7.887683E-05, -5.157436
7.890829E-05, -5.142939
7.893975E-05, -5.127412
7.897122E-05, -5.110964
7.900268E-05, -5.093719
7.903414E-05, -5.075799
7.90656E-05, -5.057334
7.909707E-05, -5.038455
7.912853E-05, -5.019295
7.916E-05, -5
7.919146E-05, -4.980705
7.922292E-05, -4.961549
7.925438E-05, -4.94267
7.928585E-05, -4.924201
7.931731E-05, -4.906281
7.934877E-05, -4.889036
7.938023E-05, -4.872591
7.941169E-05, -4.857064
7.944316E-05, -4.842564
7.947462E-05, -4.829201
7.950608E-05, -4.817069
7.953755E-05, -4.806254
7.956901E-05, -4.796835
7.960047E-05, -4.78888
7.963194E-05, -4.782445
7.96634E-05, -4.777579
7.969486E-05, -4.774315
7.972632E-05, -4.772677
7.975778E-05, -4.772677
7.978925E-05, -4.774315
7.982071E-05, -4.777579
7.985217E-05, -4.782445
7.988363E-05, -4.788878
7.991509E-05, -4.796833
7.994656E-05, -4.806254
7.997802E-05, -4.817068
8.000949E-05, -4.8292
8.004095E-05, -4.842563
8.007241E-05, -4.85706
8.010388E-05, -4.872591
8.013534E-05, -4.889036
8.01668E-05, -4.906281
8.019826E-05, -4.9242
8.022972E-05, -4.942666
8.026119E-05, -4.961549
8.029265E-05, -4.980705
8.032411E-05, -5
8.035557E-05, -5.019294
8.038704E-05, -5.03845
8.04185E-05, -5.057329
8.044997E-05, -5.075799
8.048143E-05, -5.093719
8.051289E-05, -5.110963
8.054435E-05, -5.127408
8.057581E-05, -5.142935
8.060728E-05, -5.157436
8.063874E-05, -5.170799
8.06702E-05, -5.182931
8.070166E-05, -5.193746
8.073312E-05, -5.203165
8.076459E-05, -5.211121
8.079605E-05, -5.217555
8.082751E-05, -5.222421
8.085898E-05, -5.225685
8.089044E-05, -5.227323
8.092191E-05, -5.227323
8.095337E-05, -5.225685
8.098483E-05, -5.222421
8.101629E-05, -5.217555
8.104775E-05, -5.211122
8.107922E-05, -5.203165
8.111068E-05, -5.193747
8.114214E-05, -5.182932
8.11736E-05, -5.1708
8.120506E-05, -5.157437
8.123653E-05, -5.14294
8.126799E-05, -5.127409
8.129945E-05, -5.110964
8.133092E-05, -5.09372
8.136238E-05, -5.0758
8.139384E-05, -5.057335
8.142531E-05, -5.038452
8.145677E-05, -5.019296
8.148823E-05, -5.000001
8.151969E-05, -4.980706
8.155115E-05, -4.96155
8.158262E-05, -4.942667
8.161408E-05, -4.924201
8.164554E-05, -4.906281
8.1677E-05, -4.889037
8.170847E-05, -4.872592
8.173993E-05, -4.857061
8.17714E-05, -4.842565
8.180286E-05, -4.829201
8.183432E-05, -4.817069
8.186578E-05, -4.806254
8.189725E-05, -4.796834
8.192871E-05, -4.788879
8.196017E-05, -4.782445
8.199163E-05, -4.777579
8.202309E-05, -4.774315
8.205455E-05, -4.772677
8.208602E-05, -4.772677
8.211748E-05, -4.774315
8.214894E-05, -4.777578
8.218041E-05, -4.782445
8.221187E-05, -4.788878
8.224334E-05, -4.796835
8.22748E-05, -4.806253
8.230626E-05, -4.817068
8.233772E-05, -4.8292
8.236918E-05, -4.842563
8.240065E-05, -4.857063
8.243211E-05, -4.87259
8.246357E-05, -4.889035
8.249503E-05, -4.90628
8.252649E-05, -4.924199
8.255796E-05, -4.942669
8.258942E-05, -4.961548
8.262089E-05, -4.980704
8.265235E-05, -4.999999
8.268381E-05, -5.019293
8.271527E-05, -5.038449
8.274674E-05, -5.057333
8.27782E-05, -5.075798
8.280966E-05, -5.093718
8.284112E-05, -5.110962
8.287258E-05, -5.127408
8.290405E-05, -5.142938
8.293551E-05, -5.157435
8.296697E-05, -5.170798
8.299843E-05, -5.182931
8.30299E-05, -5.193745
8.306136E-05, -5.203166
8.309283E-05, -5.211121
8.312429E-05, -5.217555
8.315575E-05, -5.222421
8.318721E-05, -5.225685
8.321868E-05, -5.227323
8.325014E-05, -5.227323
8.32816E-05, -5.225685
8.331306E-05, -5.222422
8.334452E-05, -5.217556
8.337599E-05, -5.21112
8.340745E-05, -5.203166
8.343891E-05, -5.193747
8.347038E-05, -5.182933
8.350184E-05, -5.170801
8.35333E-05, -5.157438
8.356477E-05, -5.142937
8.359623E-05, -5.12741
8.362769E-05, -5.110965
8.365915E-05, -5.093721
8.369061E-05, -5.075801
8.372208E-05, -5.057332
8.375354E-05, -5.038453
8.3785E-05, -5.019297
8.381646E-05, -5.000002
8.384792E-05, -4.980707
8.387939E-05, -4.961547
8.391085E-05, -4.942668
8.394232E-05, -4.924202
8.397378E-05, -4.906282
8.400524E-05, -4.889038
8.403671E-05, -4.872589
8.406817E-05, -4.857062
8.409963E-05, -4.842565
8.413109E-05, -4.829202
8.416255E-05, -4.81707
8.419402E-05, -4.806252
8.422548E-05, -4.796834
8.425694E-05, -4.788879
8.42884E-05, -4.782446
8.431986E-05, -4.777579
8.435133E-05, -4.774315
8.438279E-05, -4.772677
8.441426E-05, -4.772677
8.444572E-05, -4.774315
8.447718E-05, -4.777578
8.450864E-05, -4.782444
8.454011E-05, -4.788879
8.457157E-05, -4.796834
8.460303E-05, -4.806253
8.463449E-05, -4.817067
8.466595E-05, -4.829199
8.469742E-05, -4.842565
8.472888E-05, -4.857062
8.476034E-05, -4.87259
8.479181E-05, -4.889034
8.482327E-05, -4.906279
8.485474E-05, -4.924202
8.48862E-05, -4.942668
8.491766E-05, -4.961547
8.494912E-05, -4.980703
8.498058E-05, -4.999998
8.501204E-05, -5.019292
8.504351E-05, -5.038453
8.507497E-05, -5.057332
8.510643E-05, -5.075798
8.513789E-05, -5.093717
8.516935E-05, -5.110961
8.520082E-05, -5.12741
8.523228E-05, -5.142938
8.526375E-05, -5.157434
8.529521E-05, -5.170798
8.532667E-05, -5.18293
8.535814E-05, -5.193747
8.53896E-05, -5.203166
8.542106E-05, -5.211121
8.545252E-05, -5.217554
8.548398E-05, -5.222421
8.551545E-05, -5.225685
8.554691E-05, -5.227323
8.557837E-05, -5.227323
8.560983E-05, -5.225685
8.56413E-05, -5.222422
8.567276E-05, -5.217555
8.570423E-05, -5.211121
8.573569E-05, -5.203166
8.576715E-05, -5.193748
8.579861E-05, -5.182933
8.583007E-05, -5.170801
8.586154E-05, -5.157435
8.5893E-05, -5.142938
8.592446E-05, -5.127411
8.595592E-05, -5.110966
8.598738E-05, -5.093722
8.601885E-05, -5.075798
8.605031E-05, -5.057333
8.608177E-05, -5.038454
8.611324E-05, -5.019298
8.61447E-05, -5.000003
8.617617E-05, -4.980703
8.620763E-05, -4.961548
8.623909E-05, -4.942669
8.627055E-05, -4.924203
8.630201E-05, -4.906283
8.633348E-05, -4.889035
8.636494E-05, -4.87259
8.63964E-05, -4.857063
8.642786E-05, -4.842566
8.645932E-05, -4.829203
8.649079E-05, -4.817068
8.652225E-05, -4.806253
8.655371E-05, -4.796834
8.658518E-05, -4.78888
8.661664E-05, -4.782446
8.66481E-05, -4.777579
8.667957E-05, -4.774315
8.671103E-05, -4.772677
8.674249E-05, -4.772677
8.677395E-05, -4.774314
8.680541E-05, -4.777578
8.683688E-05, -4.782445
8.686834E-05, -4.788879
8.68998E-05, -4.796834
8.693126E-05, -4.806252
8.696273E-05, -4.817067
8.699419E-05, -4.829202
8.702566E-05, -4.842565
8.705712E-05, -4.857062
8.708858E-05, -4.872589
8.712004E-05, -4.889033
8.715151E-05, -4.906282
8.718297E-05, -4.924201
8.721443E-05, -4.942667
8.724589E-05, -4.961546
8.727735E-05, -4.980702
8.730882E-05, -5.000001
8.734028E-05, -5.019296
8.737174E-05, -5.038452
8.74032E-05, -5.057331
8.743467E-05, -5.075797
8.746613E-05, -5.093716
8.74976E-05, -5.110965
8.752906E-05, -5.127409
8.756052E-05, -5.142937
8.759198E-05, -5.157434
8.762344E-05, -5.170797
8.765491E-05, -5.182932
8.768637E-05, -5.193747
8.771783E-05, -5.203165
8.774929E-05, -5.21112
8.778075E-05, -5.217554
8.781222E-05, -5.222421
8.784368E-05, -5.225685
8.787515E-05, -5.227323
8.790661E-05, -5.227323
8.793807E-05, -5.225686
8.796954E-05, -5.222421
8.8001E-05, -5.217555
8.803246E-05, -5.211121
8.806392E-05, -5.203166
8.809538E-05, -5.193748
8.812684E-05, -5.182934
8.815831E-05, -5.170799
8.818977E-05, -5.157436
8.822123E-05, -5.142939
8.825269E-05, -5.127412
8.828416E-05, -5.110967
8.831562E-05, -5.093719
8.834709E-05, -5.075799
8.837855E-05, -5.057333
8.841001E-05, -5.038455
8.844147E-05, -5.019299
8.847294E-05, -4.999999
8.85044E-05, -4.980704
8.853586E-05, -4.961548
8.856732E-05, -4.94267
8.859878E-05, -4.924204
8.863025E-05, -4.90628
8.866171E-05, -4.889036
8.869317E-05, -4.872591
8.872464E-05, -4.857064
8.87561E-05, -4.842566
8.878756E-05, -4.8292
8.881903E-05, -4.817068
8.885049E-05, -4.806253
8.888195E-05, -4.796835
8.891341E-05, -4.78888
8.894487E-05, -4.782446
8.897634E-05, -4.777579
8.90078E-05, -4.774315
8.903926E-05, -4.772677
8.907072E-05, -4.772677
8.910218E-05, -4.774314
8.913365E-05, -4.777579
8.916511E-05, -4.782445
8.919658E-05, -4.788879
8.922804E-05, -4.796834
8.92595E-05, -4.806252
8.929097E-05, -4.817069
8.932243E-05, -4.829201
8.935389E-05, -4.842564
8.938535E-05, -4.857061
8.941681E-05, -4.872588
8.944828E-05, -4.889037
8.947974E-05, -4.906281
8.95112E-05, -4.924201
8.954266E-05, -4.942667
8.957413E-05, -4.961545
8.960559E-05, -4.980705
8.963705E-05, -5
8.966852E-05, -5.019295
8.969998E-05, -5.038451
8.973144E-05, -5.05733
8.97629E-05, -5.075796
8.979437E-05, -5.093719
8.982583E-05, -5.110964
8.985729E-05, -5.127409
8.988875E-05, -5.142936
8.992021E-05, -5.157434
8.995168E-05, -5.170799
8.998314E-05, -5.182932
9.00146E-05, -5.193746
9.004607E-05, -5.203165
9.007753E-05, -5.21112
9.0109E-05, -5.217555
9.014046E-05, -5.222421
9.017192E-05, -5.225685
9.020338E-05, -5.227323
9.023484E-05, -5.227323
9.026631E-05, -5.225685
9.029777E-05, -5.222421
9.032923E-05, -5.217555
9.036069E-05, -5.211122
9.039215E-05, -5.203167
9.042362E-05, -5.193746
9.045508E-05, -5.182932
9.048654E-05, -5.170799
9.051801E-05, -5.157436
9.054947E-05, -5.14294
9.058093E-05, -5.127412
9.06124E-05, -5.110964
9.064386E-05, -5.093719
9.067532E-05, -5.0758
9.070678E-05, -5.057334
9.073824E-05, -5.038455
9.076971E-05, -5.019295
9.080117E-05, -5
